id,first_name,last_name,email,gender,ip_address
1,Mady,Plowell,mplowell0@zimbio.com,Female,10.5.64.114
2,Chandra,Bambra,cbambra1@wired.com,Female,243.145.4.241
3,Sara,Rumgay,srumgay2@wikipedia.org,Female,129.196.236.244
4,Derron,Moiser,dmoiser3@shop-pro.jp,Male,125.1.154.179
5,Tucker,Alexsandrowicz,talexsandrowicz4@i2i.jp,Male,125.59.121.65
6,Elizabeth,Hakes,ehakes5@nationalgeographic.com,Female,93.91.162.236
7,Darrin,Abbado,dabbado6@twitpic.com,Male,7.147.125.40
8,Eugenie,Benediktovich,ebenediktovich7@chronoengine.com,Female,69.248.198.253
9,Garrek,Chalk,gchalk8@fotki.com,Male,107.32.130.186
10,Brendan,Freen,bfreen9@discovery.com,Male,27.186.242.121
11,Rawley,Duhig,rduhiga@blog.com,Male,112.138.148.47
12,Ansel,Turn,aturnb@netlog.com,Male,98.93.107.94
13,Ronnie,Bostick,rbostickc@gizmodo.com,Male,58.26.43.56
14,Aubert,Rraundl,arraundld@drupal.org,Male,205.125.241.25
15,Karina,Neeve,kneevee@fda.gov,Female,86.188.171.55
16,Christye,Ventura,cventuraf@xinhuanet.com,Female,71.169.87.139
17,Tad,Trigwell,ttrigwellg@cargocollective.com,Male,157.213.179.238
18,Andie,Backes,abackesh@networkadvertising.org,Female,41.239.139.147
19,Jerry,Tenant,jtenanti@guardian.co.uk,Male,139.120.235.58
20,Brigit,Randalson,brandalsonj@tripod.com,Female,234.94.168.236
21,Kimbell,Riordan,kriordank@skype.com,Male,105.123.51.45
22,Atlanta,Deverill,adeverilll@cisco.com,Female,48.221.239.97
23,Edgardo,Dipple,edipplem@sohu.com,Male,81.70.187.184
24,Daryn,Delong,ddelongn@yolasite.com,Female,187.47.207.33
25,Darin,Soares,dsoareso@t-online.de,Male,21.115.108.152
26,Kinsley,Treuge,ktreugep@cnn.com,Male,104.200.154.116
27,Ferdie,Frederick,ffrederickq@wikia.com,Male,58.127.196.53
28,Lindi,Whytock,lwhytockr@washingtonpost.com,Female,125.64.46.171
29,Hartwell,Schout,hschouts@hubpages.com,Male,71.22.223.179
30,Neddy,Wais,nwaist@princeton.edu,Male,146.231.169.95
31,Janetta,Lattimer,jlattimeru@un.org,Female,231.162.50.12
32,Christos,Egre,cegrev@china.com.cn,Male,9.53.186.58
33,Dionis,Sandall,dsandallw@telegraph.co.uk,Female,84.78.153.54
34,Vi,Finnemore,vfinnemorex@cisco.com,Female,248.147.157.152
35,Bette-ann,Easbie,beasbiey@cargocollective.com,Female,75.138.77.15
36,Saba,Prout,sproutz@oracle.com,Female,115.242.40.34
37,Jordan,Wellen,jwellen10@chronoengine.com,Male,143.222.9.88
38,Odetta,Treffry,otreffry11@weebly.com,Female,177.69.94.173
39,Halli,MacGiffin,hmacgiffin12@e-recht24.de,Female,79.244.43.138
40,Anderea,Fumagallo,afumagallo13@indiegogo.com,Female,235.144.232.126
41,Caddric,Colquite,ccolquite14@blog.com,Male,227.49.2.189
42,Daren,Ashleigh,dashleigh15@japanpost.jp,Male,168.58.86.31
43,Kienan,Boyd,kboyd16@example.com,Male,4.122.101.165
44,Cleo,Gwalter,cgwalter17@privacy.gov.au,Female,27.236.223.125
45,Lindsay,Pounsett,lpounsett18@businesswire.com,Male,52.236.108.91
46,Darb,Cordaroy,dcordaroy19@opensource.org,Female,248.188.77.69
47,Chelsea,Cressy,ccressy1a@google.ru,Female,68.246.206.101
48,Darcy,Moxon,dmoxon1b@hc360.com,Female,173.210.154.134
49,Stanley,Waywell,swaywell1c@spotify.com,Male,168.247.110.31
50,Jackie,Thebeau,jthebeau1d@nasa.gov,Male,202.169.25.231
51,Marabel,Royall,mroyall1e@nyu.edu,Female,101.56.42.3
52,Marilee,Krzysztof,mkrzysztof1f@rediff.com,Female,16.64.162.20
53,Torey,Escudier,tescudier1g@about.com,Male,86.20.65.49
54,Mozes,Filipson,mfilipson1h@princeton.edu,Male,59.101.87.70
55,Josefina,Hurne,jhurne1i@marriott.com,Female,107.76.108.203
56,Umeko,Bartolommeo,ubartolommeo1j@bbc.co.uk,Female,214.107.67.31
57,Linn,Pasterfield,lpasterfield1k@bing.com,Female,155.166.34.243
58,Ariadne,Larkkem,alarkkem1l@icio.us,Female,26.187.182.68
59,Aloin,Domini,adomini1m@pagesperso-orange.fr,Male,251.186.201.249
60,Alvin,Clitsome,aclitsome1n@stanford.edu,Male,38.224.88.193
61,Daniela,Tilberry,dtilberry1o@oaic.gov.au,Female,133.39.28.238
62,Cherie,Beaven,cbeaven1p@netscape.com,Female,230.56.77.208
63,Brod,Blackhall,bblackhall1q@usda.gov,Male,124.151.42.61
64,Ernestus,Swyn,eswyn1r@google.ru,Male,215.135.61.207
65,Dede,Dinnis,ddinnis1s@mediafire.com,Female,65.237.71.36
66,Berky,Greenslade,bgreenslade1t@archive.org,Male,198.57.131.108
67,Robby,Coats,rcoats1u@clickbank.net,Male,154.137.229.46
68,Baxy,Durham,bdurham1v@networksolutions.com,Male,116.202.157.6
69,Pollyanna,Huyge,phuyge1w@si.edu,Female,93.221.222.187
70,Margette,Treweela,mtreweela1x@dailymail.co.uk,Female,165.1.168.246
71,Justis,Horsey,jhorsey1y@comcast.net,Male,53.215.192.19
72,Therine,Bollen,tbollen1z@pen.io,Female,162.75.49.243
73,Estel,Wainwright,ewainwright20@multiply.com,Female,97.202.135.228
74,Glendon,Mellsop,gmellsop21@paginegialle.it,Male,45.248.8.239
75,Elliot,Webborn,ewebborn22@cdbaby.com,Male,35.138.108.175
76,Charis,Benbow,cbenbow23@patch.com,Female,71.147.227.86
77,Maxi,Jerrold,mjerrold24@zdnet.com,Female,238.147.222.27
78,Adelina,Barney,abarney25@dailymotion.com,Female,105.214.199.201
79,Alexia,Townsley,atownsley26@nbcnews.com,Female,82.218.227.131
80,Leontyne,Grimditch,lgrimditch27@vinaora.com,Female,128.45.69.63
81,Berry,McCandless,bmccandless28@nih.gov,Female,149.56.166.227
82,Philippe,Rizzillo,prizzillo29@japanpost.jp,Female,117.120.102.107
83,Dominique,Pizzey,dpizzey2a@pinterest.com,Male,70.202.192.83
84,Donelle,Roswarn,droswarn2b@admin.ch,Female,220.200.158.94
85,Magdalen,Haugeh,mhaugeh2c@cdbaby.com,Female,204.138.214.213
86,Annabal,Brauns,abrauns2d@vk.com,Female,252.222.69.28
87,Simona,O' Sullivan,sosullivan2e@example.com,Female,137.241.22.242
88,Daisie,Gratten,dgratten2f@noaa.gov,Female,196.225.236.9
89,Bradford,Balme,bbalme2g@washington.edu,Male,33.149.23.59
90,Kenneth,Jeffryes,kjeffryes2h@youtu.be,Male,94.76.103.189
91,Dynah,Jarrett,djarrett2i@smugmug.com,Female,36.228.228.128
92,Elmer,Doig,edoig2j@photobucket.com,Male,191.207.37.233
93,Warde,Gainsburgh,wgainsburgh2k@cnbc.com,Male,1.175.155.49
94,Harper,Matisse,hmatisse2l@globo.com,Male,81.133.129.108
95,Risa,Giorgini,rgiorgini2m@themeforest.net,Female,248.94.115.136
96,Mavis,Klaassens,mklaassens2n@elegantthemes.com,Female,169.179.36.81
97,Louisa,Cockell,lcockell2o@uol.com.br,Female,222.6.250.226
98,Ardella,Jinda,ajinda2p@ehow.com,Female,108.139.191.83
99,Karl,Tall,ktall2q@ca.gov,Male,165.225.130.67
100,Mag,Eberz,meberz2r@nymag.com,Female,38.87.135.28
101,Angelico,Creany,acreany2s@mit.edu,Male,12.116.130.117
102,Nancy,Castiglio,ncastiglio2t@cmu.edu,Female,92.252.153.84
103,Haley,Tevlin,htevlin2u@t.co,Male,147.74.102.177
104,Carver,Dendon,cdendon2v@sogou.com,Male,160.221.122.155
105,Gawen,Ainsworth,gainsworth2w@youku.com,Male,220.5.113.172
106,Almeta,Futter,afutter2x@virginia.edu,Female,2.196.110.142
107,Kerwin,Le Provest,kleprovest2y@shop-pro.jp,Male,6.86.22.125
108,Anthony,Edson,aedson2z@berkeley.edu,Male,67.189.21.241
109,Zahara,Pitkeathly,zpitkeathly30@disqus.com,Female,81.168.97.0
110,Roselia,Drewes,rdrewes31@google.cn,Female,52.91.150.34
111,Rustie,Kunc,rkunc32@bloglines.com,Male,30.217.122.220
112,Rafaelita,Oldaker,roldaker33@360.cn,Female,167.57.207.241
113,Valdemar,Amthor,vamthor34@nytimes.com,Male,214.167.246.84
114,Duff,Filipov,dfilipov35@hao123.com,Male,0.234.68.213
115,Virgina,Danels,vdanels36@lulu.com,Female,30.96.109.188
116,Renie,Abrahamsohn,rabrahamsohn37@google.com.au,Female,249.201.182.210
117,Lisle,Lambourne,llambourne38@dailymail.co.uk,Male,221.66.104.111
118,Jeana,Lough,jlough39@slate.com,Female,4.174.53.187
119,Laney,Camps,lcamps3a@ebay.com,Female,135.177.85.247
120,Arlen,Rasp,arasp3b@networksolutions.com,Female,129.138.180.102
121,Lonnie,Geikie,lgeikie3c@abc.net.au,Male,199.97.116.189
122,Malinde,Truwert,mtruwert3d@go.com,Female,204.182.57.147
123,Carree,Chazerand,cchazerand3e@oracle.com,Female,17.5.105.49
124,Karel,Brand,kbrand3f@privacy.gov.au,Female,60.139.75.175
125,Delia,Worboy,dworboy3g@adobe.com,Female,43.148.141.46
126,Abbott,Gallaher,agallaher3h@hibu.com,Male,83.5.125.162
127,Morly,Bewshire,mbewshire3i@hhs.gov,Male,27.66.155.216
128,Claresta,Etheridge,cetheridge3j@amazon.com,Female,0.107.227.9
129,Johnathon,Godson,jgodson3k@qq.com,Male,159.245.146.229
130,Iorgo,Ballister,iballister3l@qq.com,Male,59.6.184.54
131,Jarrid,Hickisson,jhickisson3m@reference.com,Male,175.156.44.71
132,Lon,Meatcher,lmeatcher3n@newsvine.com,Male,189.7.151.5
133,Hollyanne,Criag,hcriag3o@wunderground.com,Female,10.159.255.185
134,Pierce,Vittori,pvittori3p@earthlink.net,Male,159.101.157.74
135,Rodney,Starmer,rstarmer3q@goo.gl,Male,113.226.165.70
136,Lida,Troutbeck,ltroutbeck3r@geocities.com,Female,88.205.17.139
137,Juline,Goldstone,jgoldstone3s@printfriendly.com,Female,2.221.220.48
138,Brook,Hayhoe,bhayhoe3t@ocn.ne.jp,Male,173.96.32.219
139,Tallie,Gallon,tgallon3u@wired.com,Female,136.228.200.249
140,Olympe,McQuilkin,omcquilkin3v@clickbank.net,Female,50.236.152.104
141,James,Henken,jhenken3w@livejournal.com,Male,14.169.206.160
142,Rakel,Symon,rsymon3x@umich.edu,Female,184.148.19.153
143,Kiri,Liveing,kliveing3y@list-manage.com,Female,154.73.220.168
144,Beverlee,Cominoli,bcominoli3z@sina.com.cn,Female,154.254.196.198
145,Jewelle,Haycox,jhaycox40@marketwatch.com,Female,240.155.219.74
146,Kristin,Fitzsymon,kfitzsymon41@cdc.gov,Female,241.167.116.84
147,Paxton,Faudrie,pfaudrie42@vistaprint.com,Male,176.129.211.229
148,Nathan,Popping,npopping43@list-manage.com,Male,225.216.135.214
149,Piotr,Budleigh,pbudleigh44@usgs.gov,Male,236.160.54.134
150,Cash,Ajean,cajean45@smh.com.au,Male,115.56.249.251
151,Wallis,Laboune,wlaboune46@opensource.org,Male,189.95.238.65
152,Mikey,Madge,mmadge47@sitemeter.com,Male,19.20.60.154
153,Opalina,Domenicone,odomenicone48@dion.ne.jp,Female,118.24.195.142
154,Conney,Kobierra,ckobierra49@techcrunch.com,Male,128.67.191.20
155,Jacquie,Davio,jdavio4a@homestead.com,Female,47.99.107.243
156,Nowell,Belmont,nbelmont4b@meetup.com,Male,8.234.75.144
157,Bartolomeo,Nials,bnials4c@oaic.gov.au,Male,106.183.150.179
158,Tailor,Milborn,tmilborn4d@gmpg.org,Male,242.197.176.250
159,Roderich,Babe,rbabe4e@aboutads.info,Male,137.7.65.75
160,Luke,Stonebridge,lstonebridge4f@artisteer.com,Male,219.214.38.169
161,Rina,Fairs,rfairs4g@tamu.edu,Female,156.79.137.216
162,Roby,Giral,rgiral4h@dell.com,Female,57.143.169.32
163,Monro,Mosdall,mmosdall4i@hatena.ne.jp,Male,97.192.43.160
164,Blanche,Starling,bstarling4j@columbia.edu,Female,67.99.4.115
165,Loleta,Hayhurst,lhayhurst4k@icq.com,Female,155.32.173.49
166,Devonne,Sinton,dsinton4l@economist.com,Female,187.203.143.79
167,Ahmed,Urridge,aurridge4m@samsung.com,Male,55.16.26.23
168,Peri,Robb,probb4n@4shared.com,Female,147.58.54.3
169,Hilliard,Checcucci,hcheccucci4o@ameblo.jp,Male,111.148.140.229
170,Patin,Ribeiro,pribeiro4p@unblog.fr,Male,71.151.71.234
171,John,Henningham,jhenningham4q@alexa.com,Male,41.42.108.168
172,Sibelle,Frany,sfrany4r@gravatar.com,Female,8.6.145.150
173,Hewett,Barchrameev,hbarchrameev4s@dell.com,Male,101.129.217.152
174,Mervin,Barbara,mbarbara4t@jiathis.com,Male,152.17.119.41
175,Saunder,Ingree,singree4u@gizmodo.com,Male,1.41.189.83
176,Vivien,Borres,vborres4v@sphinn.com,Female,159.205.11.113
177,Giffard,Aireton,gaireton4w@feedburner.com,Male,240.82.159.195
178,Olimpia,Turbitt,oturbitt4x@jigsy.com,Female,127.56.38.126
179,Kaila,Pimer,kpimer4y@istockphoto.com,Female,46.236.115.10
180,Westley,Laphorn,wlaphorn4z@engadget.com,Male,213.134.209.109
181,Delores,Ebbin,debbin50@samsung.com,Female,166.173.156.129
182,Cortie,Tersay,ctersay51@comsenz.com,Male,90.137.73.175
183,Sarene,Valance,svalance52@ovh.net,Female,84.189.175.244
184,Anny,Imlin,aimlin53@stanford.edu,Female,53.46.189.12
185,Ernesto,Parsonage,eparsonage54@nsw.gov.au,Male,186.221.7.106
186,Eddie,Mattielli,emattielli55@lycos.com,Male,22.220.182.174
187,Dick,Karlolak,dkarlolak56@tuttocitta.it,Male,141.52.89.63
188,Wandis,Saxton,wsaxton57@wiley.com,Female,128.87.110.217
189,Frankie,Matyushkin,fmatyushkin58@dailymail.co.uk,Male,123.227.227.142
190,Symon,Griffitt,sgriffitt59@addtoany.com,Male,214.163.66.150
191,Fairfax,Diggles,fdiggles5a@ftc.gov,Male,170.158.120.51
192,Sonny,Bellwood,sbellwood5b@paypal.com,Male,200.26.69.255
193,Marybelle,Thorlby,mthorlby5c@latimes.com,Female,155.219.31.233
194,Tilly,Pauley,tpauley5d@amazon.com,Female,145.79.186.40
195,Kelsi,Le Merchant,klemerchant5e@disqus.com,Female,237.104.185.119
196,Moll,Capewell,mcapewell5f@drupal.org,Female,105.243.183.102
197,Burtie,Petroulis,bpetroulis5g@moonfruit.com,Male,17.235.193.180
198,Pauline,Champney,pchampney5h@latimes.com,Female,57.193.203.141
199,Rolph,Calvey,rcalvey5i@addtoany.com,Male,4.108.69.231
200,Maire,Crapper,mcrapper5j@forbes.com,Female,70.187.40.3
201,Israel,Riep,iriep5k@nhs.uk,Male,113.137.9.42
202,Brit,Lukins,blukins5l@bizjournals.com,Male,144.232.72.156
203,Kendrick,Doubrava,kdoubrava5m@theglobeandmail.com,Male,147.151.145.241
204,Nefen,Kirtley,nkirtley5n@phpbb.com,Male,249.218.116.195
205,Joanna,Colliber,jcolliber5o@1688.com,Female,174.113.217.7
206,Ettore,Baskwell,ebaskwell5p@phoca.cz,Male,11.236.73.30
207,Woodie,McIlvenny,wmcilvenny5q@hostgator.com,Male,26.249.239.241
208,Pen,Glenny,pglenny5r@photobucket.com,Female,128.232.144.66
209,Minne,Palfrey,mpalfrey5s@newyorker.com,Female,186.142.233.12
210,Kathryn,Bretherton,kbretherton5t@last.fm,Female,239.167.144.246
211,Bing,Chape,bchape5u@surveymonkey.com,Male,74.137.132.41
212,Rafaellle,Algy,ralgy5v@opensource.org,Male,168.41.49.253
213,Quincey,Helm,qhelm5w@businessweek.com,Male,94.94.198.236
214,Wolfgang,Wardel,wwardel5x@addtoany.com,Male,36.116.193.63
215,Deva,Nehl,dnehl5y@qq.com,Female,192.216.149.19
216,Marge,Tidbold,mtidbold5z@spiegel.de,Female,180.11.199.135
217,Base,Pudsey,bpudsey60@about.me,Male,238.229.232.215
218,Granthem,Spavon,gspavon61@ucsd.edu,Male,107.178.243.215
219,Kyrstin,Brodbin,kbrodbin62@over-blog.com,Female,67.57.67.133
220,Jaymie,Vanacci,jvanacci63@bloglines.com,Male,76.193.61.107
221,Kerrin,Paniman,kpaniman64@scribd.com,Female,154.124.116.253
222,Constantia,Bondesen,cbondesen65@umich.edu,Female,165.35.230.138
223,Colet,Flatte,cflatte66@cocolog-nifty.com,Male,80.74.4.69
224,Lorianna,Vader,lvader67@webmd.com,Female,81.95.185.245
225,Dagny,McAdam,dmcadam68@latimes.com,Male,198.90.165.189
226,Giacopo,Shreeve,gshreeve69@usnews.com,Male,191.175.231.9
227,Elnore,Filov,efilov6a@adobe.com,Female,29.195.125.211
228,Delmar,Baulch,dbaulch6b@fc2.com,Male,105.251.179.247
229,Clywd,Scala,cscala6c@twitpic.com,Male,47.197.28.12
230,Burch,Harsnep,bharsnep6d@aol.com,Male,100.187.198.187
231,Nike,Cecil,ncecil6e@omniture.com,Female,155.145.81.30
232,Douglass,Tremblot,dtremblot6f@netscape.com,Male,248.131.33.86
233,Aldous,Duthie,aduthie6g@fda.gov,Male,122.219.21.212
234,Ruben,Klimus,rklimus6h@addthis.com,Male,83.245.112.18
235,Kellen,Burgess,kburgess6i@last.fm,Female,181.247.147.171
236,Algernon,Mcall,amcall6j@howstuffworks.com,Male,108.4.182.179
237,Ker,Devonshire,kdevonshire6k@tuttocitta.it,Male,249.248.69.109
238,Shane,Lago,slago6l@artisteer.com,Male,250.232.113.30
239,Cate,Creddon,ccreddon6m@dell.com,Female,114.247.133.243
240,Rennie,Pink,rpink6n@github.io,Female,66.19.138.95
241,Elene,De Filippi,edefilippi6o@mac.com,Female,12.125.89.91
242,Cal,Verheijden,cverheijden6p@uol.com.br,Female,109.18.103.114
243,Iorgos,Lassey,ilassey6q@guardian.co.uk,Male,183.88.231.60
244,Mar,Tomaszek,mtomaszek6r@sphinn.com,Male,24.166.50.14
245,Stephanus,Poulgreen,spoulgreen6s@nba.com,Male,216.86.151.221
246,Glendon,Estcot,gestcot6t@tripod.com,Male,81.116.39.230
247,Keeley,Corington,kcorington6u@prweb.com,Female,147.183.166.54
248,Roddie,Blenkiron,rblenkiron6v@phpbb.com,Male,169.48.144.205
249,Blake,Figgures,bfiggures6w@cloudflare.com,Female,130.247.89.153
250,Kendricks,Whitmore,kwhitmore6x@pen.io,Male,193.217.55.90
251,Lainey,Gooderson,lgooderson6y@theguardian.com,Female,94.214.131.228
252,Kelsey,Kermitt,kkermitt6z@smugmug.com,Male,68.7.52.25
253,Greta,Babcock,gbabcock70@irs.gov,Female,131.82.102.183
254,Shandra,Pashley,spashley71@angelfire.com,Female,239.237.125.141
255,Brittany,Petche,bpetche72@is.gd,Female,225.240.175.204
256,Leland,Vial,lvial73@webeden.co.uk,Male,96.74.229.49
257,Sisile,Oldroyde,soldroyde74@bigcartel.com,Female,164.163.122.192
258,Riki,Sterndale,rsterndale75@arstechnica.com,Female,247.158.202.49
259,Emlyn,Orwell,eorwell76@yolasite.com,Male,237.103.38.212
260,Adamo,Whitsey,awhitsey77@ed.gov,Male,212.117.246.9
261,Kath,McRobbie,kmcrobbie78@bigcartel.com,Female,181.66.101.53
262,Franchot,Bealing,fbealing79@typepad.com,Male,117.151.175.116
263,Charlena,Darkott,cdarkott7a@cornell.edu,Female,193.229.32.83
264,Merridie,Harrap,mharrap7b@zdnet.com,Female,108.221.243.199
265,Dona,Piquard,dpiquard7c@uiuc.edu,Female,19.181.145.214
266,Janie,Willows,jwillows7d@nba.com,Female,161.12.181.166
267,Herc,Aguirrezabal,haguirrezabal7e@clickbank.net,Male,120.245.50.146
268,Harli,De la Perrelle,hdelaperrelle7f@sohu.com,Female,96.250.67.117
269,Aldin,Cockrill,acockrill7g@hc360.com,Male,37.7.241.158
270,Kermit,Robet,krobet7h@delicious.com,Male,61.133.13.124
271,Morley,Horrell,mhorrell7i@latimes.com,Male,99.179.28.193
272,Marlow,Koche,mkoche7j@wordpress.com,Male,224.223.118.28
273,Vanya,Hinz,vhinz7k@joomla.org,Male,85.59.151.4
274,Worthy,Winchcum,wwinchcum7l@51.la,Male,186.31.232.241
275,Bernhard,Vasyukhichev,bvasyukhichev7m@pcworld.com,Male,198.38.45.145
276,Justen,Risdale,jrisdale7n@sbwire.com,Male,10.38.21.189
277,Bealle,Yukhtin,byukhtin7o@networkadvertising.org,Male,168.232.81.93
278,Robbie,McLeoid,rmcleoid7p@ted.com,Female,187.34.27.132
279,Nike,Gladeche,ngladeche7q@oaic.gov.au,Female,28.245.150.174
280,Liva,Leeds,lleeds7r@hexun.com,Female,106.88.86.144
281,Emanuele,Sapir,esapir7s@taobao.com,Male,191.177.147.150
282,Olivero,Waight,owaight7t@trellian.com,Male,16.157.195.150
283,Hedi,Kett,hkett7u@liveinternet.ru,Female,184.130.176.102
284,Durward,Marvell,dmarvell7v@utexas.edu,Male,103.93.103.149
285,Corliss,Finn,cfinn7w@bloglovin.com,Female,99.177.47.169
286,Kristoffer,Thornebarrow,kthornebarrow7x@nydailynews.com,Male,1.75.195.75
287,Herb,Shortall,hshortall7y@taobao.com,Male,55.43.241.109
288,Jabez,Dinjes,jdinjes7z@jimdo.com,Male,91.63.80.213
289,Margette,Woodford,mwoodford80@twitpic.com,Female,212.65.76.113
290,Vite,Flecknell,vflecknell81@1688.com,Male,2.189.38.237
291,Banky,Arnauduc,barnauduc82@i2i.jp,Male,206.52.39.75
292,Roosevelt,McPeake,rmcpeake83@google.com.hk,Male,237.111.126.36
293,Ramonda,Allridge,rallridge84@comcast.net,Female,181.14.240.119
294,Peadar,Cromwell,pcromwell85@live.com,Male,19.11.194.9
295,Eryn,Lampe,elampe86@digg.com,Female,30.146.203.5
296,Johan,Cargill,jcargill87@google.de,Male,174.9.197.87
297,Emelda,Wynes,ewynes88@indiatimes.com,Female,164.225.115.118
298,Shae,Bolmann,sbolmann89@webeden.co.uk,Male,206.20.180.126
299,Gasper,Laible,glaible8a@constantcontact.com,Male,187.0.69.135
300,Jedidiah,Haitlie,jhaitlie8b@hao123.com,Male,168.242.52.28
301,Willie,Andriuzzi,wandriuzzi8c@bravesites.com,Female,247.243.88.65
302,Thornie,Twentyman,ttwentyman8d@rediff.com,Male,143.252.248.96
303,Kennedy,Matheson,kmatheson8e@ehow.com,Male,28.107.1.119
304,Merna,Everett,meverett8f@github.com,Female,48.100.253.201
305,Frazier,Bleakley,fbleakley8g@angelfire.com,Male,250.97.132.204
306,Jess,Warbeys,jwarbeys8h@cornell.edu,Female,93.15.187.180
307,Margret,Bollom,mbollom8i@slashdot.org,Female,25.250.233.163
308,Sullivan,Girardin,sgirardin8j@instagram.com,Male,30.143.200.107
309,Adolphus,Churchward,achurchward8k@123-reg.co.uk,Male,109.255.85.109
310,Valaree,Stampfer,vstampfer8l@columbia.edu,Female,176.254.83.33
311,Norry,Keyes,nkeyes8m@intel.com,Male,173.153.240.93
312,Desiree,Seawell,dseawell8n@so-net.ne.jp,Female,229.146.10.203
313,Oran,Alexander,oalexander8o@ow.ly,Male,164.45.126.234
314,Melinde,Grzegorzewski,mgrzegorzewski8p@php.net,Female,142.161.49.223
315,Shantee,Paskerful,spaskerful8q@list-manage.com,Female,236.89.239.42
316,Jock,Wythe,jwythe8r@technorati.com,Male,23.168.164.89
317,Rowen,Pinel,rpinel8s@shop-pro.jp,Male,223.234.211.44
318,Hali,Curnucke,hcurnucke8t@mlb.com,Female,1.125.203.220
319,Janka,Hannis,jhannis8u@feedburner.com,Female,99.4.105.98
320,Ebenezer,Cutmore,ecutmore8v@photobucket.com,Male,113.96.53.191
321,Christoforo,Silbersak,csilbersak8w@cam.ac.uk,Male,182.0.99.102
322,Kelli,Haseldine,khaseldine8x@webeden.co.uk,Female,170.56.185.6
323,Ashbey,Tutsell,atutsell8y@bloglovin.com,Male,221.107.210.241
324,Aarika,Strowther,astrowther8z@sina.com.cn,Female,83.205.125.154
325,Halli,Thalmann,hthalmann90@indiatimes.com,Female,225.21.119.229
326,Kerri,Inglese,kinglese91@marketwatch.com,Female,179.79.13.84
327,Jerrie,Castles,jcastles92@washington.edu,Male,82.220.239.58
328,Prentiss,Jopp,pjopp93@utexas.edu,Male,141.116.37.15
329,Swen,Daens,sdaens94@theguardian.com,Male,216.34.235.228
330,Samuele,Phinnis,sphinnis95@reverbnation.com,Male,5.78.75.8
331,Shermy,Harrhy,sharrhy96@msn.com,Male,139.66.79.107
332,Ruthe,McKirdy,rmckirdy97@prnewswire.com,Female,135.1.36.19
333,Emanuel,Drewe,edrewe98@bloglines.com,Male,4.214.80.38
334,Keary,Wardhough,kwardhough99@woothemes.com,Male,65.234.45.214
335,Quillan,Portugal,qportugal9a@ed.gov,Male,17.30.77.214
336,Tatiana,Jarrett,tjarrett9b@merriam-webster.com,Female,108.14.166.110
337,Debbie,Woehler,dwoehler9c@goo.gl,Female,78.24.88.242
338,Granger,Ellph,gellph9d@ehow.com,Male,97.57.120.184
339,Chrotoem,Benedito,cbenedito9e@addtoany.com,Male,18.199.6.138
340,Salomone,Carillo,scarillo9f@cmu.edu,Male,249.108.165.237
341,Udell,Phibb,uphibb9g@plala.or.jp,Male,21.233.50.243
342,Clevie,Dunmuir,cdunmuir9h@nba.com,Male,124.158.205.229
343,Amerigo,Legrand,alegrand9i@phpbb.com,Male,25.9.215.165
344,Barnard,Dawson,bdawson9j@dell.com,Male,193.14.1.113
345,Ben,Templman,btemplman9k@marketwatch.com,Male,144.217.143.116
346,Peg,Yeowell,pyeowell9l@addtoany.com,Female,28.93.32.223
347,Harmonia,O'Heneghan,hoheneghan9m@shutterfly.com,Female,92.112.154.117
348,Si,Phillpot,sphillpot9n@spotify.com,Male,185.79.197.122
349,Jerrine,Suter,jsuter9o@jigsy.com,Female,74.60.46.202
350,Shaine,Brownlea,sbrownlea9p@aboutads.info,Male,101.141.16.132
351,Wynny,Kelston,wkelston9q@imageshack.us,Female,158.140.210.70
352,Francklin,Braunroth,fbraunroth9r@upenn.edu,Male,231.100.71.153
353,Sollie,Mantz,smantz9s@surveymonkey.com,Male,15.138.165.222
354,Salmon,Clayden,sclayden9t@intel.com,Male,139.161.60.237
355,Gabriello,Prinn,gprinn9u@reuters.com,Male,244.37.15.79
356,Bengt,Yegorkin,byegorkin9v@sciencedirect.com,Male,208.186.220.43
357,Clarie,Ahmad,cahmad9w@scientificamerican.com,Female,86.127.252.56
358,Florencia,Brindle,fbrindle9x@altervista.org,Female,34.118.77.21
359,Stacia,Paramor,sparamor9y@craigslist.org,Female,76.182.189.226
360,Jeanie,Ranshaw,jranshaw9z@cbslocal.com,Female,56.90.212.20
361,Simonette,Paoloni,spaolonia0@lulu.com,Female,249.139.66.56
362,Jarrad,Matissoff,jmatissoffa1@oaic.gov.au,Male,121.91.198.32
363,Benjamen,Fransson,bfranssona2@opensource.org,Male,90.236.226.33
364,Engracia,Marle,emarlea3@booking.com,Female,60.9.121.71
365,Erin,Le Blond,eleblonda4@ameblo.jp,Male,96.95.48.141
366,Merwyn,Nutman,mnutmana5@si.edu,Male,234.37.15.219
367,Rollin,Albiston,ralbistona6@slideshare.net,Male,153.94.185.161
368,See,Facey,sfaceya7@aol.com,Male,66.58.213.102
369,Kathe,Kalderon,kkalderona8@ow.ly,Female,210.130.181.119
370,Darelle,Macartney,dmacartneya9@posterous.com,Female,68.240.211.85
371,Alexander,Charon,acharonaa@edublogs.org,Male,206.239.176.249
372,Dolly,Hearfield,dhearfieldab@issuu.com,Female,231.122.38.110
373,Christel,Hum,chumac@mayoclinic.com,Female,4.213.76.166
374,Othella,Charlick,ocharlickad@netscape.com,Female,220.42.212.127
375,Deni,Astell,dastellae@buzzfeed.com,Female,72.124.23.146
376,Robert,Spafford,rspaffordaf@google.com,Male,225.62.133.2
377,Maximilian,Emblow,memblowag@illinois.edu,Male,67.107.67.29
378,Wileen,Parsonson,wparsonsonah@flavors.me,Female,177.201.124.127
379,Rici,Drepp,rdreppai@reference.com,Female,248.150.227.145
380,Modesta,Botham,mbothamaj@technorati.com,Female,129.157.199.210
381,Reggis,Mapletoft,rmapletoftak@arstechnica.com,Male,243.179.247.101
382,Herman,Goulding,hgouldingal@live.com,Male,149.93.203.115
383,Kristofor,Giordano,kgiordanoam@diigo.com,Male,213.59.160.221
384,Elena,Mullin,emullinan@yahoo.com,Female,14.108.76.80
385,Dania,Jeannet,djeannetao@prnewswire.com,Female,195.88.166.115
386,Jude,Treske,jtreskeap@ucsd.edu,Male,198.61.222.233
387,Dene,Cavy,dcavyaq@simplemachines.org,Male,243.50.108.117
388,Dirk,Pople,dpoplear@stumbleupon.com,Male,183.51.59.195
389,Colman,Spollen,cspollenas@newsvine.com,Male,32.13.150.161
390,Roseanne,Kassman,rkassmanat@ustream.tv,Female,107.206.239.245
391,Patsy,Robbeke,probbekeau@domainmarket.com,Female,121.213.5.30
392,Shandy,Le Noir,slenoirav@vk.com,Female,219.20.252.23
393,Sinclare,Spong,sspongaw@studiopress.com,Male,245.216.60.154
394,Jarib,Leinster,jleinsterax@techcrunch.com,Male,15.100.19.62
395,Gert,O'Docherty,godochertyay@chicagotribune.com,Female,15.48.225.38
396,Vonnie,Pfaff,vpfaffaz@berkeley.edu,Female,28.106.85.205
397,Lulu,Bullan,lbullanb0@surveymonkey.com,Female,230.200.124.156
398,Zeb,Allingham,zallinghamb1@mapy.cz,Male,218.38.51.16
399,Yorgo,Daykin,ydaykinb2@booking.com,Male,47.212.62.35
400,Dyane,Wanstall,dwanstallb3@live.com,Female,145.250.25.91
401,Carmine,Josefsen,cjosefsenb4@pagesperso-orange.fr,Female,12.62.110.236
402,Cybill,MacCracken,cmaccrackenb5@gnu.org,Female,127.69.68.6
403,Wolfy,De Launde,wdelaundeb6@i2i.jp,Male,24.16.28.52
404,Ruthy,Minkin,rminkinb7@telegraph.co.uk,Female,224.115.145.38
405,Kaleb,Nias,kniasb8@naver.com,Male,51.36.96.142
406,Dosi,Baltzar,dbaltzarb9@usgs.gov,Female,122.35.5.247
407,Melodie,Behnke,mbehnkeba@ft.com,Female,16.206.244.147
408,Lloyd,Durrett,ldurrettbb@va.gov,Male,29.95.109.176
409,Octavia,Ridgewell,oridgewellbc@unblog.fr,Female,115.194.47.223
410,Niven,Cawkill,ncawkillbd@technorati.com,Male,36.79.152.176
411,Kristofor,Regis,kregisbe@mlb.com,Male,131.142.40.17
412,Corilla,Brushfield,cbrushfieldbf@engadget.com,Female,30.217.148.182
413,Jedd,Stookes,jstookesbg@altervista.org,Male,205.137.59.39
414,Matthias,Lodwig,mlodwigbh@i2i.jp,Male,232.239.58.206
415,Patty,Bastie,pbastiebi@unicef.org,Female,187.39.5.23
416,Zach,Fawkes,zfawkesbj@statcounter.com,Male,243.1.163.101
417,Muffin,Ravillas,mravillasbk@ameblo.jp,Female,95.218.159.2
418,Babb,Jesse,bjessebl@addtoany.com,Female,152.107.7.83
419,Avril,Gravell,agravellbm@nature.com,Female,245.252.212.3
420,Morissa,Devorill,mdevorillbn@apple.com,Female,179.179.3.230
421,Borg,Pease,bpeasebo@adobe.com,Male,82.25.97.190
422,Dredi,Coolahan,dcoolahanbp@icio.us,Female,123.247.146.152
423,Jeth,Advani,jadvanibq@blog.com,Male,50.54.178.97
424,Albie,Bozier,abozierbr@cnbc.com,Male,69.122.230.47
425,Randi,Van Velden,rvanveldenbs@earthlink.net,Male,196.56.189.187
426,Cchaddie,Kiellor,ckiellorbt@state.gov,Male,37.65.195.140
427,Huey,Krzysztofiak,hkrzysztofiakbu@wsj.com,Male,203.80.211.123
428,Valenka,Sone,vsonebv@dot.gov,Female,175.156.82.131
429,Harley,Byllam,hbyllambw@t.co,Male,26.208.30.12
430,Celestia,Ploughwright,cploughwrightbx@opera.com,Female,69.117.106.59
431,Carolyne,Manneville,cmannevilleby@discovery.com,Female,84.77.157.115
432,Barris,Coote,bcootebz@angelfire.com,Male,119.36.188.228
433,Clyde,Balfe,cbalfec0@kickstarter.com,Male,238.227.108.25
434,Frankie,Gapper,fgapperc1@163.com,Female,143.23.228.170
435,Gan,Grinval,ggrinvalc2@buzzfeed.com,Male,70.85.194.96
436,Bronson,Reace,breacec3@house.gov,Male,138.93.145.7
437,Elmira,Cluley,ecluleyc4@moonfruit.com,Female,80.188.204.84
438,Arabele,McSorley,amcsorleyc5@hc360.com,Female,109.116.60.13
439,Cal,Gaishson,cgaishsonc6@prlog.org,Male,95.181.129.128
440,Bentley,Gasperi,bgasperic7@scientificamerican.com,Male,171.183.216.41
441,Nicolle,Stenett,nstenettc8@nsw.gov.au,Female,106.205.213.196
442,Gladi,Jiggins,gjigginsc9@dion.ne.jp,Female,194.249.111.213
443,Gaylord,Terney,gterneyca@storify.com,Male,180.135.232.21
444,Chancey,Bertomeu,cbertomeucb@php.net,Male,70.161.156.86
445,Gaylene,Angless,ganglesscc@cyberchimps.com,Female,14.133.57.98
446,Alejandro,Dymott,adymottcd@tripadvisor.com,Male,181.131.43.147
447,Lorilee,Sansbury,lsansburyce@dyndns.org,Female,223.82.229.166
448,Bond,Camilli,bcamillicf@sun.com,Male,5.218.16.53
449,Ebonee,Gofforth,egofforthcg@weather.com,Female,174.156.48.142
450,Lawrence,Khristoforov,lkhristoforovch@lycos.com,Male,48.172.206.28
451,Ronny,Swidenbank,rswidenbankci@smugmug.com,Male,198.123.137.160
452,Cati,Zienkiewicz,czienkiewiczcj@bbb.org,Female,49.211.203.68
453,Cecilius,Woolard,cwoolardck@amazon.com,Male,149.128.15.178
454,Jamill,Towner,jtownercl@creativecommons.org,Male,71.70.2.79
455,Wilow,Farrell,wfarrellcm@biglobe.ne.jp,Female,132.162.119.198
456,Dalt,Durbyn,ddurbyncn@de.vu,Male,49.192.225.5
457,Jacobo,Nourse,jnourseco@ustream.tv,Male,37.39.189.130
458,Shandy,Jindracek,sjindracekcp@cbc.ca,Female,195.207.160.247
459,Rochelle,Wainman,rwainmancq@hp.com,Female,59.188.206.160
460,Daniele,Booley,dbooleycr@chron.com,Female,10.19.162.2
461,Damon,Despenser,ddespensercs@uol.com.br,Male,133.14.40.27
462,Webb,Heymes,wheymesct@hp.com,Male,249.117.156.232
463,Barton,Shawyers,bshawyerscu@msn.com,Male,32.27.16.225
464,Rea,Colomb,rcolombcv@google.nl,Female,233.98.146.51
465,Stacy,Issac,sissaccw@theglobeandmail.com,Female,214.141.41.234
466,Moss,Fairbrace,mfairbracecx@addtoany.com,Male,231.112.90.201
467,Kathe,Culvey,kculveycy@feedburner.com,Female,93.47.29.6
468,Helenelizabeth,Deinert,hdeinertcz@reference.com,Female,138.23.183.2
469,Lane,Lichtfoth,llichtfothd0@barnesandnoble.com,Female,191.248.19.206
470,Leslie,Van Hove,lvanhoved1@bizjournals.com,Male,83.166.20.188
471,Dorena,Lambshine,dlambshined2@vk.com,Female,143.102.184.72
472,Kayley,Kilbourne,kkilbourned3@epa.gov,Female,242.210.184.121
473,Yevette,Vossing,yvossingd4@1688.com,Female,253.164.129.162
474,Arnoldo,D'Hooge,adhooged5@last.fm,Male,188.94.14.63
475,Marni,Tidswell,mtidswelld6@businesswire.com,Female,142.78.52.206
476,Michal,Lomb,mlombd7@ca.gov,Male,77.37.181.145
477,Shirlene,De Pero,sdeperod8@infoseek.co.jp,Female,12.73.60.216
478,Iain,Van Halle,ivanhalled9@sina.com.cn,Male,88.116.242.67
479,Karoly,Mellers,kmellersda@cbsnews.com,Female,108.94.170.242
480,Bethanne,Ablott,bablottdb@illinois.edu,Female,23.230.201.30
481,Fran,Langfat,flangfatdc@vkontakte.ru,Female,209.223.126.138
482,Jourdan,Dankov,jdankovdd@arizona.edu,Female,18.80.25.71
483,Ewell,Bockman,ebockmande@usgs.gov,Male,38.75.190.126
484,Nicko,Goodright,ngoodrightdf@weather.com,Male,79.143.158.175
485,Riley,Brooking,rbrookingdg@patch.com,Male,135.184.201.187
486,Latisha,Sewill,lsewilldh@plala.or.jp,Female,172.162.200.88
487,Inglis,Dash,idashdi@de.vu,Male,106.206.46.173
488,Gray,Innwood,ginnwooddj@domainmarket.com,Male,244.174.203.75
489,Guillaume,Flohard,gfloharddk@taobao.com,Male,160.94.138.80
490,Way,Cutteridge,wcutteridgedl@etsy.com,Male,47.167.223.252
491,Kiri,Bute,kbutedm@gov.uk,Female,17.157.201.164
492,Baxy,Garnul,bgarnuldn@go.com,Male,175.254.221.70
493,Kahaleel,Geleman,kgelemando@reference.com,Male,178.150.52.31
494,Antonina,Evins,aevinsdp@paginegialle.it,Female,128.120.51.63
495,Kenneth,Linsay,klinsaydq@unicef.org,Male,20.224.125.232
496,Quill,Erbe,qerbedr@booking.com,Male,13.108.46.97
497,Benjamen,Macken,bmackends@wordpress.org,Male,102.220.126.206
498,Imojean,Decroix,idecroixdt@psu.edu,Female,112.135.115.36
499,Blakeley,Jandel,bjandeldu@java.com,Female,157.250.120.68
500,Dionysus,Adamik,dadamikdv@examiner.com,Male,179.120.11.145
501,Darci,Gaythwaite,dgaythwaitedw@reverbnation.com,Female,176.37.235.36
502,Karlie,Dinjes,kdinjesdx@infoseek.co.jp,Female,199.78.134.194
503,Ryley,Dowdam,rdowdamdy@wiley.com,Male,237.214.203.129
504,Burnaby,Cavnor,bcavnordz@youtu.be,Male,108.196.253.108
505,Kevan,Spinnace,kspinnacee0@biblegateway.com,Male,215.1.145.209
506,Lebbie,Ferrers,lferrerse1@who.int,Female,29.83.137.185
507,Jessey,Scimone,jscimonee2@census.gov,Male,255.93.248.174
508,Raymond,Frosdick,rfrosdicke3@latimes.com,Male,38.1.40.193
509,Gail,Maasz,gmaasze4@eepurl.com,Male,176.88.37.45
510,Daniel,Sharpus,dsharpuse5@yolasite.com,Male,117.19.59.84
511,Sheff,Ransley,sransleye6@ca.gov,Male,20.148.42.201
512,Diane,Garmon,dgarmone7@whitehouse.gov,Female,29.27.159.245
513,Barton,Ribchester,bribchestere8@deviantart.com,Male,184.165.35.76
514,Herc,Martynikhin,hmartynikhine9@goo.ne.jp,Male,123.234.204.16
515,Warde,Lodin,wlodinea@jimdo.com,Male,230.181.205.129
516,Hadlee,Gasperi,hgasperieb@princeton.edu,Male,206.58.49.183
517,Ephrem,Yitzowitz,eyitzowitzec@sphinn.com,Male,172.23.74.7
518,Adriaens,Turnell,aturnelled@bandcamp.com,Female,17.131.82.255
519,Adolpho,Cruise,acruiseee@last.fm,Male,228.204.245.55
520,Paddie,Kleinmann,pkleinmannef@bbc.co.uk,Male,59.40.57.48
521,Hamish,Litzmann,hlitzmanneg@wikispaces.com,Male,254.2.223.20
522,Carola,Grizard,cgrizardeh@omniture.com,Female,176.59.75.209
523,Kayne,Thornley,kthornleyei@slashdot.org,Male,239.110.237.161
524,Milton,Meak,mmeakej@dot.gov,Male,201.215.227.2
525,Rosabelle,Stonier,rstonierek@is.gd,Female,148.76.134.176
526,Griff,Sheavills,gsheavillsel@twitpic.com,Male,0.73.242.78
527,Flemming,Pipkin,fpipkinem@indiatimes.com,Male,231.7.37.150
528,Vincent,Wakes,vwakesen@cafepress.com,Male,87.9.170.37
529,Karola,Cluitt,kcluitteo@friendfeed.com,Female,12.180.92.90
530,Benjamen,Fincher,bfincherep@tuttocitta.it,Male,252.21.59.121
531,Jerome,Doers,jdoerseq@goo.gl,Male,66.134.233.196
532,Phillie,Trill,ptriller@indiatimes.com,Female,88.33.171.147
533,Dov,Rounsefull,drounsefulles@ifeng.com,Male,255.223.28.54
534,Field,Lackinton,flackintonet@tumblr.com,Male,50.79.54.61
535,Brantley,Dorow,bdoroweu@blogger.com,Male,173.130.61.31
536,Yvonne,Verdon,yverdonev@fastcompany.com,Female,204.248.70.105
537,Adolphus,Hanton,ahantonew@oaic.gov.au,Male,27.99.171.95
538,Pembroke,Vankeev,pvankeevex@sbwire.com,Male,30.191.228.109
539,Ollie,Dallender,odallenderey@networksolutions.com,Female,207.88.204.127
540,Tildy,Gehringer,tgehringerez@usgs.gov,Female,240.233.81.128
541,Manuel,Paolotto,mpaolottof0@accuweather.com,Male,90.183.92.144
542,Ula,Worsnup,uworsnupf1@typepad.com,Female,222.43.33.60
543,Carita,Byram,cbyramf2@spotify.com,Female,202.83.32.124
544,Vina,Wassell,vwassellf3@opensource.org,Female,107.60.246.152
545,Hermione,Gecke,hgeckef4@washington.edu,Female,4.215.76.10
546,Rufus,Alder,ralderf5@e-recht24.de,Male,86.181.79.99
547,Brook,Verlinden,bverlindenf6@intel.com,Male,30.132.85.133
548,Fernandina,Burnard,fburnardf7@wisc.edu,Female,1.79.75.114
549,Caresse,Vaar,cvaarf8@xrea.com,Female,221.170.157.54
550,Nanice,Bucklee,nbuckleef9@alexa.com,Female,219.255.118.161
551,Allie,Rassell,arassellfa@g.co,Male,4.102.184.173
552,Kelly,Castellet,kcastelletfb@icio.us,Male,53.96.24.181
553,Gallard,Wilkinson,gwilkinsonfc@icio.us,Male,209.218.134.9
554,Menard,Ivanikhin,mivanikhinfd@imgur.com,Male,212.245.197.238
555,Sheelah,Jenteau,sjenteaufe@trellian.com,Female,104.197.118.153
556,Farrand,Marzelli,fmarzelliff@4shared.com,Female,251.131.232.123
557,Sibyl,Eckford,seckfordfg@alexa.com,Female,123.84.1.39
558,Gherardo,Newvell,gnewvellfh@un.org,Male,158.166.172.165
559,Der,Siemantel,dsiemantelfi@unblog.fr,Male,142.33.47.180
560,Norman,Everson,neversonfj@cornell.edu,Male,74.6.13.122
561,Bale,Fillgate,bfillgatefk@scientificamerican.com,Male,27.124.60.69
562,Dulciana,Billany,dbillanyfl@nyu.edu,Female,12.209.181.201
563,Forest,Waliszewski,fwaliszewskifm@about.me,Male,22.4.243.18
564,Starlin,Buckthorp,sbuckthorpfn@archive.org,Female,87.194.58.8
565,Reggy,Dauby,rdaubyfo@indiegogo.com,Male,184.11.153.132
566,Natalee,Shilladay,nshilladayfp@zdnet.com,Female,10.240.250.162
567,Naoma,Duffell,nduffellfq@noaa.gov,Female,238.250.93.76
568,Kurtis,Sibbert,ksibbertfr@cbsnews.com,Male,221.52.95.222
569,Pierrette,Sangar,psangarfs@nifty.com,Female,243.119.16.222
570,Harold,Blueman,hbluemanft@ow.ly,Male,199.248.189.176
571,Karry,Rothschild,krothschildfu@sohu.com,Female,78.90.83.190
572,Benny,Burnhard,bburnhardfv@jalbum.net,Male,117.57.40.236
573,Celinda,Quadri,cquadrifw@vkontakte.ru,Female,238.230.210.189
574,Raul,Headech,rheadechfx@paginegialle.it,Male,190.0.208.29
575,Alejandrina,Curtis,acurtisfy@state.tx.us,Female,156.134.108.127
576,Rani,Giorgione,rgiorgionefz@yellowpages.com,Female,238.153.227.26
577,Jo-ann,Coleyshaw,jcoleyshawg0@hibu.com,Female,193.151.45.210
578,Johann,MacLaughlin,jmaclaughling1@printfriendly.com,Male,1.206.23.242
579,Etti,Mallison,emallisong2@google.com.hk,Female,207.15.247.229
580,Milton,Bedells,mbedellsg3@scientificamerican.com,Male,244.17.223.71
581,Marketa,Shakespeare,mshakespeareg4@purevolume.com,Female,209.142.204.232
582,Gabrielle,Gornal,ggornalg5@washingtonpost.com,Female,45.143.252.1
583,Corbet,Filintsev,cfilintsevg6@shop-pro.jp,Male,158.145.175.222
584,Audrye,Halsworth,ahalsworthg7@istockphoto.com,Female,76.179.117.116
585,Lock,Dechelette,ldecheletteg8@mayoclinic.com,Male,59.156.207.52
586,Tonie,Dunridge,tdunridgeg9@wunderground.com,Female,195.195.153.142
587,Stu,Reese,sreesega@purevolume.com,Male,95.193.21.11
588,Adriano,Villiers,avilliersgb@yale.edu,Male,114.75.139.126
589,Tonnie,Chadderton,tchaddertongc@quantcast.com,Male,23.85.37.241
590,Mead,Samsin,msamsingd@paginegialle.it,Female,162.162.58.128
591,Morey,Laborde,mlabordege@macromedia.com,Male,84.66.44.170
592,Deanne,Danby,ddanbygf@angelfire.com,Female,119.3.134.194
593,Garrard,De Maine,gdemainegg@purevolume.com,Male,132.77.115.250
594,Feodora,Flowitt,fflowittgh@wunderground.com,Female,176.108.236.18
595,Gorden,Nicklen,gnicklengi@eventbrite.com,Male,23.121.33.54
596,Ulrick,Marns,umarnsgj@adobe.com,Male,10.231.2.128
597,Bernadene,Ply,bplygk@printfriendly.com,Female,195.82.209.232
598,Johna,Menichino,jmenichinogl@va.gov,Female,245.69.67.183
599,Josy,Reidshaw,jreidshawgm@walmart.com,Female,185.34.52.200
600,Gardener,Bordessa,gbordessagn@webeden.co.uk,Male,127.29.12.65
601,Winna,Royden,wroydengo@flavors.me,Female,7.119.88.47
602,Nedi,Barrowcliff,nbarrowcliffgp@weebly.com,Female,61.45.27.227
603,Al,Berriman,aberrimangq@usda.gov,Male,14.95.64.151
604,Siana,Meneer,smeneergr@technorati.com,Female,178.135.47.175
605,Christoph,Noddles,cnoddlesgs@friendfeed.com,Male,149.18.164.63
606,Gordon,Marchent,gmarchentgt@yellowbook.com,Male,107.36.252.231
607,Kenn,Shann,kshanngu@fotki.com,Male,108.140.160.126
608,Hilly,Bolton,hboltongv@1und1.de,Male,192.70.183.10
609,Luci,Blint,lblintgw@comcast.net,Female,217.92.121.73
610,Mariya,Vampouille,mvampouillegx@umich.edu,Female,3.96.127.47
611,Lyndy,Ingarfill,lingarfillgy@bigcartel.com,Female,67.115.14.210
612,Valle,Dankov,vdankovgz@marketwatch.com,Male,168.184.158.134
613,Wallie,Nuscha,wnuschah0@e-recht24.de,Male,155.14.0.180
614,Jecho,Burbudge,jburbudgeh1@opensource.org,Male,16.252.144.8
615,Goddard,Maudsley,gmaudsleyh2@answers.com,Male,53.131.249.1
616,Laure,Byrch,lbyrchh3@weebly.com,Female,22.149.48.190
617,Faulkner,Worsam,fworsamh4@timesonline.co.uk,Male,228.150.71.182
618,Cyrille,Deneve,cdeneveh5@liveinternet.ru,Male,51.82.71.245
619,Illa,Chesson,ichessonh6@smh.com.au,Female,65.244.230.6
620,Flem,Ranger,frangerh7@bravesites.com,Male,73.92.220.246
621,Randall,Sutherden,rsutherdenh8@dedecms.com,Male,234.59.255.119
622,Stu,MacCurley,smaccurleyh9@icq.com,Male,177.169.38.208
623,Oliviero,Wildsmith,owildsmithha@stumbleupon.com,Male,190.104.41.102
624,Kristoforo,Heaps,kheapshb@merriam-webster.com,Male,152.205.235.117
625,Chadwick,Connerry,cconnerryhc@europa.eu,Male,167.216.188.184
626,Faustina,Savins,fsavinshd@miitbeian.gov.cn,Female,236.188.92.235
627,Alanson,Chrismas,achrismashe@skyrock.com,Male,188.243.108.88
628,Bowie,Deesly,bdeeslyhf@unc.edu,Male,226.144.99.234
629,Pen,Seccombe,pseccombehg@tinypic.com,Male,27.242.28.232
630,Leann,Chisholme,lchisholmehh@homestead.com,Female,147.59.229.101
631,Carri,Hirsthouse,chirsthousehi@google.co.uk,Female,212.52.7.75
632,Kacey,Griffe,kgriffehj@altervista.org,Female,215.103.148.174
633,Sinclare,Huggen,shuggenhk@canalblog.com,Male,118.223.36.65
634,Marice,De Beneditti,mdebenedittihl@buzzfeed.com,Female,151.220.128.81
635,Valentina,Pietesch,vpieteschhm@nps.gov,Female,102.242.187.143
636,Richie,Tomaszynski,rtomaszynskihn@cdc.gov,Male,122.174.103.155
637,Charyl,Farenden,cfarendenho@altervista.org,Female,191.203.110.7
638,Nellie,Lots,nlotshp@geocities.com,Female,102.154.37.22
639,Grethel,Cesco,gcescohq@japanpost.jp,Female,213.114.2.114
640,Ethelred,Brent,ebrenthr@skyrock.com,Male,224.15.178.227
641,Mollee,Tapenden,mtapendenhs@plala.or.jp,Female,5.218.23.255
642,Reider,Hillburn,rhillburnht@fastcompany.com,Male,184.123.235.98
643,Julie,Lalonde,jlalondehu@blinklist.com,Female,75.49.52.216
644,Brendan,Springthorpe,bspringthorpehv@reference.com,Male,192.226.218.216
645,Darrel,Candelin,dcandelinhw@booking.com,Male,142.71.221.78
646,Jaimie,Guenther,jguentherhx@huffingtonpost.com,Male,55.142.78.106
647,Abby,Edeson,aedesonhy@quantcast.com,Female,223.100.84.96
648,Jessica,Yarr,jyarrhz@trellian.com,Female,221.248.135.241
649,Heida,Utteridge,hutteridgei0@cbslocal.com,Female,223.37.90.205
650,Fin,Lent,flenti1@kickstarter.com,Male,31.220.48.221
651,Cullie,Wippermann,cwippermanni2@ebay.com,Male,137.163.200.173
652,Leeland,Tidder,ltidderi3@guardian.co.uk,Male,1.176.50.73
653,Crystie,Iacomelli,ciacomellii4@sciencedirect.com,Female,107.112.110.65
654,Alan,Chidley,achidleyi5@oracle.com,Male,79.46.234.231
655,Town,Mildmott,tmildmotti6@google.de,Male,18.78.217.176
656,Drud,Bethune,dbethunei7@zdnet.com,Male,241.145.127.221
657,Mata,Wyd,mwydi8@spotify.com,Male,29.118.222.11
658,Ike,Tabor,itabori9@redcross.org,Male,44.178.155.68
659,Dotty,Pietron,dpietronia@delicious.com,Female,218.161.62.160
660,Bobbe,Phebee,bphebeeib@dyndns.org,Female,27.248.179.47
661,Charlie,Henaughan,chenaughanic@samsung.com,Male,176.106.107.235
662,Johny,Grellis,jgrellisid@mapquest.com,Male,239.136.86.166
663,Shina,Anwyl,sanwylie@wordpress.com,Female,226.16.114.241
664,Catha,Cunrado,ccunradoif@multiply.com,Female,188.169.217.36
665,Dinnie,Ledger,dledgerig@webnode.com,Female,244.157.7.167
666,Gabby,Mc Gorley,gmcgorleyih@unblog.fr,Male,234.249.22.132
667,Taddeusz,McKniely,tmcknielyii@sun.com,Male,188.182.53.206
668,Ade,Suttell,asuttellij@usatoday.com,Male,238.33.120.64
669,Iris,Grewer,igrewerik@ow.ly,Female,57.191.63.44
670,Shandeigh,Kenright,skenrightil@dropbox.com,Female,210.91.253.248
671,Kingsley,Rodie,krodieim@photobucket.com,Male,214.90.206.2
672,Rosie,Ovington,rovingtonin@latimes.com,Female,8.72.5.249
673,Odie,Purle,opurleio@nba.com,Male,198.108.27.223
674,Melodie,Devaney,mdevaneyip@hatena.ne.jp,Female,46.238.75.242
675,Lara,Orrett,lorrettiq@theglobeandmail.com,Female,226.69.198.31
676,Miguela,Lansdale,mlansdaleir@disqus.com,Female,58.145.87.95
677,Lane,Muffen,lmuffenis@ameblo.jp,Female,117.184.98.144
678,Helena,Ions,hionsit@fotki.com,Female,138.138.195.130
679,Sharleen,O'Gaven,sogaveniu@bandcamp.com,Female,229.168.174.165
680,Kristofer,Hamby,khambyiv@un.org,Male,190.213.140.193
681,Sonni,Thoms,sthomsiw@senate.gov,Female,72.95.42.35
682,Ode,Labbey,olabbeyix@unc.edu,Male,221.248.220.170
683,Julee,Stockall,jstockalliy@nba.com,Female,130.8.194.230
684,Sigfrid,Twelftree,stwelftreeiz@ihg.com,Male,103.19.96.231
685,Roseann,Lount,rlountj0@mit.edu,Female,80.213.110.71
686,Pearce,Duggan,pdugganj1@domainmarket.com,Male,242.173.239.241
687,Bernhard,Annand,bannandj2@tripadvisor.com,Male,64.205.146.228
688,Leeann,Heiden,lheidenj3@zimbio.com,Female,6.232.141.131
689,Lynett,Murty,lmurtyj4@ucla.edu,Female,134.133.99.74
690,Chico,Schwandermann,cschwandermannj5@artisteer.com,Male,80.70.129.139
691,Katha,Randalson,krandalsonj6@vk.com,Female,215.227.38.209
692,Verge,Stairmond,vstairmondj7@examiner.com,Male,118.49.80.158
693,Allayne,Masarrat,amasarratj8@purevolume.com,Male,118.174.208.126
694,Carissa,Myrtle,cmyrtlej9@mysql.com,Female,165.13.190.94
695,Codie,Bliven,cblivenja@nifty.com,Female,41.186.6.32
696,Mellisa,MacCleod,mmaccleodjb@foxnews.com,Female,116.221.178.193
697,Mariam,Maycock,mmaycockjc@arstechnica.com,Female,35.124.74.33
698,Cilka,Elvish,celvishjd@theguardian.com,Female,252.82.220.215
699,Gwenora,Klimus,gklimusje@google.ru,Female,179.169.189.46
700,Ashlee,Kubica,akubicajf@bluehost.com,Female,150.97.248.205
701,Christi,Wride,cwridejg@techcrunch.com,Female,41.59.101.232
702,Peter,Deetlof,pdeetlofjh@nytimes.com,Male,194.66.73.102
703,Cassandry,Thorne,cthorneji@hubpages.com,Female,183.82.136.10
704,Fifine,Colledge,fcolledgejj@privacy.gov.au,Female,71.96.78.149
705,Lorianne,Branston,lbranstonjk@tripadvisor.com,Female,116.84.129.35
706,Natka,Starton,nstartonjl@about.com,Female,173.151.200.73
707,Celestia,Culmer,cculmerjm@de.vu,Female,190.82.214.213
708,Clarissa,Rumgay,crumgayjn@upenn.edu,Female,20.138.107.237
709,Jeffry,Overill,joverilljo@cbsnews.com,Male,225.144.195.209
710,Rochella,Peele,rpeelejp@moonfruit.com,Female,59.143.189.213
711,Teddie,Starling,tstarlingjq@illinois.edu,Male,124.178.182.28
712,Estrellita,Dehm,edehmjr@netscape.com,Female,14.83.213.163
713,Viki,Guest,vguestjs@wiley.com,Female,160.160.76.57
714,Avery,Dishmon,adishmonjt@vkontakte.ru,Male,172.217.250.98
715,Lloyd,Authers,lauthersju@soundcloud.com,Male,115.89.56.162
716,Murial,Antognetti,mantognettijv@sitemeter.com,Female,233.156.157.4
717,Babara,Mathewson,bmathewsonjw@myspace.com,Female,249.37.219.91
718,Ricard,Dansey,rdanseyjx@java.com,Male,71.203.13.208
719,Rogers,Dockreay,rdockreayjy@studiopress.com,Male,242.130.193.111
720,Jena,Eastbrook,jeastbrookjz@weebly.com,Female,185.40.58.144
721,Conroy,Pobjay,cpobjayk0@npr.org,Male,62.103.168.24
722,Annaliese,Von Salzberg,avonsalzbergk1@zdnet.com,Female,102.2.103.202
723,Micky,Glawsop,mglawsopk2@booking.com,Male,25.107.238.93
724,Elicia,Hassewell,ehassewellk3@google.com.br,Female,13.45.125.161
725,Paulette,Kyngdon,pkyngdonk4@msu.edu,Female,90.42.55.99
726,Sallie,Willcock,swillcockk5@about.me,Female,185.118.62.211
727,Ralph,Cable,rcablek6@ebay.com,Male,215.251.13.232
728,Ediva,Mullard,emullardk7@intel.com,Female,142.147.142.174
729,Tami,Ranscome,transcomek8@chronoengine.com,Female,30.10.247.234
730,Tab,Jacox,tjacoxk9@gnu.org,Male,16.126.58.227
731,Coreen,Bounds,cboundska@slideshare.net,Female,39.2.224.50
732,Wade,Nelthrop,wnelthropkb@skyrock.com,Male,161.33.77.231
733,Shelbi,Deble,sdeblekc@google.fr,Female,136.95.104.253
734,Candice,Kopman,ckopmankd@yahoo.co.jp,Female,122.25.183.83
735,Rudolfo,Costi,rcostike@nps.gov,Male,202.146.162.255
736,Fulton,Jacmard,fjacmardkf@g.co,Male,113.243.84.84
737,Sheridan,Crowcombe,scrowcombekg@buzzfeed.com,Male,213.203.237.24
738,Hernando,Tandey,htandeykh@independent.co.uk,Male,161.22.246.148
739,Paten,Berth,pberthki@barnesandnoble.com,Male,98.242.209.191
740,Lark,Landy,llandykj@ovh.net,Female,208.245.125.220
741,Trudie,Brenston,tbrenstonkk@spotify.com,Female,100.40.83.214
742,Dougy,Hamal,dhamalkl@bloglines.com,Male,41.51.146.235
743,Petey,Langtree,plangtreekm@telegraph.co.uk,Male,17.238.44.91
744,Garvey,Tremathick,gtremathickkn@imageshack.us,Male,35.230.1.132
745,Verile,Maffi,vmaffiko@xing.com,Female,211.215.180.102
746,Anneliese,Fevers,afeverskp@nature.com,Female,199.200.95.154
747,Colman,Schirach,cschirachkq@amazon.com,Male,80.161.223.49
748,Adelaida,Lube,alubekr@yellowpages.com,Female,43.75.4.53
749,Edgar,Leaf,eleafks@google.com.hk,Male,30.201.156.174
750,Holden,Goncalo,hgoncalokt@sitemeter.com,Male,193.59.127.96
751,Doria,Boxhall,dboxhallku@soup.io,Female,174.124.160.60
752,Osbert,Mattielli,omattiellikv@indiegogo.com,Male,17.96.91.25
753,Zerk,Challen,zchallenkw@xrea.com,Male,132.233.7.62
754,Kimmy,Spray,kspraykx@ning.com,Female,159.178.22.24
755,Wallas,Wakeford,wwakefordky@blog.com,Male,156.242.80.93
756,Lira,Trayford,ltrayfordkz@weather.com,Female,50.234.109.161
757,Derrek,d'Arcy,ddarcyl0@photobucket.com,Male,128.21.58.84
758,Carilyn,Iseton,cisetonl1@ucla.edu,Female,64.88.65.172
759,Merci,Giacubbo,mgiacubbol2@un.org,Female,77.192.252.253
760,Gladi,Hyder,ghyderl3@123-reg.co.uk,Female,213.248.46.251
761,Gonzalo,Mouncey,gmounceyl4@ox.ac.uk,Male,191.185.160.26
762,Creighton,Le Huquet,clehuquetl5@wsj.com,Male,7.224.143.142
763,Hedvige,Deppen,hdeppenl6@fotki.com,Female,69.255.110.51
764,Nevsa,Binion,nbinionl7@bizjournals.com,Female,210.61.239.194
765,Mariya,Deverose,mdeverosel8@so-net.ne.jp,Female,133.1.180.216
766,Estevan,Gittoes,egittoesl9@usa.gov,Male,22.47.139.21
767,Lionello,Dictus,ldictusla@upenn.edu,Male,137.94.251.220
768,Garald,Woodage,gwoodagelb@ibm.com,Male,110.242.36.27
769,Moises,Gooderham,mgooderhamlc@apache.org,Male,22.133.2.90
770,Barbee,Evensden,bevensdenld@ovh.net,Female,103.147.61.55
771,Honoria,Neate,hneatele@liveinternet.ru,Female,27.65.245.158
772,Spenser,Penberthy,spenberthylf@fc2.com,Male,202.42.54.221
773,Danni,Rodnight,drodnightlg@google.nl,Female,98.83.196.211
774,Lorilee,Karlolak,lkarlolaklh@blogtalkradio.com,Female,9.208.19.174
775,Arline,Struthers,astruthersli@google.cn,Female,253.91.243.111
776,Read,Rooze,rroozelj@howstuffworks.com,Male,20.172.161.45
777,Roderigo,Rubinowitsch,rrubinowitschlk@miibeian.gov.cn,Male,181.48.131.53
778,Leicester,Minster,lminsterll@linkedin.com,Male,131.195.169.126
779,Huntley,Perris,hperrislm@slate.com,Male,219.187.63.169
780,Kermit,MacClure,kmacclureln@forbes.com,Male,52.127.15.176
781,Kenton,Jean,kjeanlo@w3.org,Male,125.215.69.205
782,Siward,Dampier,sdampierlp@opensource.org,Male,221.136.128.240
783,Bamby,Beaty,bbeatylq@phpbb.com,Female,245.188.140.173
784,Clim,Blogg,cblogglr@cbslocal.com,Male,8.152.114.4
785,Orland,Cleveland,oclevelandls@weebly.com,Male,62.103.35.171
786,Tate,Tash,ttashlt@instagram.com,Male,80.49.115.8
787,Anselm,Robberecht,arobberechtlu@ucsd.edu,Male,67.135.250.146
788,Burke,Sallenger,bsallengerlv@privacy.gov.au,Male,30.122.216.147
789,Donnell,Asplen,dasplenlw@vistaprint.com,Male,125.164.210.82
790,Daryl,Sehorsch,dsehorschlx@huffingtonpost.com,Female,250.31.26.110
791,Ennis,Laurencot,elaurencotly@squidoo.com,Male,135.179.52.146
792,Quintus,Oglevie,qoglevielz@nih.gov,Male,240.184.130.162
793,Aleta,Lemoir,alemoirm0@feedburner.com,Female,182.184.36.246
794,Odessa,Piesing,opiesingm1@webmd.com,Female,86.230.135.59
795,Mavra,Boffey,mboffeym2@wikipedia.org,Female,12.175.235.76
796,Sinclare,Shimuk,sshimukm3@bluehost.com,Male,55.189.143.222
797,Christos,Crank,ccrankm4@theglobeandmail.com,Male,246.122.3.155
798,Alika,Rabbet,arabbetm5@baidu.com,Female,195.37.40.240
799,Benyamin,Spon,bsponm6@independent.co.uk,Male,83.102.106.145
800,Rourke,Swafield,rswafieldm7@uiuc.edu,Male,86.172.18.212
801,Leroy,Gandy,lgandym8@sciencedaily.com,Male,248.119.159.68
802,Vannie,Maestrini,vmaestrinim9@wufoo.com,Female,36.193.186.63
803,Erena,Pargent,epargentma@indiegogo.com,Female,61.77.135.110
804,Mallory,Weldrake,mweldrakemb@howstuffworks.com,Female,116.148.32.33
805,Biron,Echalier,bechaliermc@unc.edu,Male,181.77.68.189
806,Micheline,Frape,mfrapemd@photobucket.com,Female,219.108.196.169
807,Marilee,Erwin,merwinme@unblog.fr,Female,83.19.118.209
808,Ram,Southernwood,rsouthernwoodmf@google.com.au,Male,165.78.27.94
809,Claire,Rzehorz,crzehorzmg@constantcontact.com,Female,185.117.139.6
810,Fey,Agronski,fagronskimh@cyberchimps.com,Female,38.165.25.6
811,Walden,Burberry,wburberrymi@weibo.com,Male,218.19.187.39
812,Natalina,Leimster,nleimstermj@tinypic.com,Female,255.120.190.78
813,Darcie,Newbold,dnewboldmk@jimdo.com,Female,175.53.136.163
814,Lana,McPake,lmcpakeml@ameblo.jp,Female,11.127.223.46
815,Bennett,Bezants,bbezantsmm@comcast.net,Male,241.147.68.98
816,Oren,Deddum,odeddummn@un.org,Male,75.110.27.29
817,Elihu,Fabri,efabrimo@eepurl.com,Male,205.23.237.72
818,Douglas,Sawley,dsawleymp@a8.net,Male,121.250.108.135
819,Aida,Topper,atoppermq@cnn.com,Female,116.184.234.195
820,Austin,Laight,alaightmr@wikispaces.com,Male,128.185.234.95
821,Tatum,Patrick,tpatrickms@patch.com,Female,105.130.247.207
822,Shermy,Sear,ssearmt@ox.ac.uk,Male,115.97.51.97
823,Bria,Troyes,btroyesmu@cnet.com,Female,217.78.45.34
824,Gusti,Bursell,gbursellmv@patch.com,Female,184.28.194.76
825,Pedro,Macenzy,pmacenzymw@chicagotribune.com,Male,241.70.91.79
826,Giles,Ioselevich,gioselevichmx@delicious.com,Male,250.162.170.194
827,Anallise,Melross,amelrossmy@mozilla.com,Female,231.160.136.116
828,Sunshine,Rowen,srowenmz@edublogs.org,Female,61.84.148.49
829,Ruy,Portigall,rportigalln0@marriott.com,Male,240.219.47.196
830,Jakie,Agirre,jagirren1@acquirethisname.com,Male,130.81.82.85
831,Hastings,Coaker,hcoakern2@com.com,Male,89.254.131.141
832,Karl,Pavlishchev,kpavlishchevn3@deviantart.com,Male,166.115.12.128
833,Vivienne,Eltone,veltonen4@chron.com,Female,4.146.134.34
834,Luis,Sokell,lsokelln5@nytimes.com,Male,179.81.194.228
835,Luise,Elders,leldersn6@posterous.com,Female,88.108.170.188
836,Deerdre,Blasdale,dblasdalen7@statcounter.com,Female,218.46.252.106
837,Shirline,Dearle-Palser,sdearlepalsern8@people.com.cn,Female,19.237.44.39
838,Yovonnda,Toby,ytobyn9@flickr.com,Female,241.31.94.122
839,Alice,Keaves,akeavesna@yellowbook.com,Female,230.82.135.68
840,Alaine,Redish,aredishnb@constantcontact.com,Female,1.157.8.246
841,Niels,Savin,nsavinnc@mashable.com,Male,96.170.253.138
842,Harrison,Bunyan,hbunyannd@engadget.com,Male,70.18.159.7
843,Bradly,Eilhertsen,beilhertsenne@mapquest.com,Male,158.88.87.37
844,Delly,Klammt,dklammtnf@posterous.com,Female,236.156.209.211
845,Lorene,Whitfield,lwhitfieldng@51.la,Female,52.73.180.170
846,Hermia,Frith,hfrithnh@live.com,Female,15.144.22.226
847,Chrissy,Evison,cevisonni@google.nl,Female,73.18.202.173
848,Vincents,Quenby,vquenbynj@altervista.org,Male,48.241.82.145
849,Reinold,Dominici,rdominicink@wsj.com,Male,160.119.155.242
850,Aleksandr,Divill,adivillnl@cargocollective.com,Male,194.223.110.46
851,Kit,Chamley,kchamleynm@hugedomains.com,Male,163.215.65.100
852,Maurita,O'Fairy,mofairynn@networksolutions.com,Female,101.222.132.14
853,Jock,Aleavy,jaleavyno@de.vu,Male,104.4.114.238
854,Zebulen,Carlin,zcarlinnp@blogspot.com,Male,156.52.57.114
855,Ola,Giacopelo,ogiacopelonq@harvard.edu,Female,107.134.105.201
856,Fara,Amaya,famayanr@washington.edu,Female,178.153.135.239
857,Mufi,McWard,mmcwardns@fema.gov,Female,77.51.89.113
858,Darrelle,Surmeyers,dsurmeyersnt@europa.eu,Female,183.82.93.192
859,Layne,Tees,lteesnu@studiopress.com,Female,141.230.210.74
860,Marci,Fuentes,mfuentesnv@youtube.com,Female,155.222.238.130
861,Loralee,Mound,lmoundnw@nyu.edu,Female,214.56.28.60
862,Elston,Tarpey,etarpeynx@biglobe.ne.jp,Male,70.239.212.236
863,Kalina,Gorwood,kgorwoodny@wufoo.com,Female,58.55.149.155
864,Reynolds,Obal,robalnz@webmd.com,Male,72.10.164.236
865,Theo,Donan,tdonano0@fastcompany.com,Male,16.25.225.152
866,Freeman,Hupka,fhupkao1@go.com,Male,44.169.36.13
867,Sayre,Pancoust,spancousto2@newyorker.com,Male,49.60.126.242
868,Salim,Kubach,skubacho3@godaddy.com,Male,233.211.208.7
869,Barron,Danihel,bdanihelo4@addthis.com,Male,186.115.31.83
870,Alene,Kiljan,akiljano5@nba.com,Female,195.5.255.69
871,Ravi,Stanlake,rstanlakeo6@sogou.com,Male,165.229.134.113
872,Carin,Dunthorne,cdunthorneo7@tinyurl.com,Female,136.17.225.125
873,Asher,Alwood,aalwoodo8@dot.gov,Male,208.168.94.94
874,Vania,Sherrell,vsherrello9@lycos.com,Female,70.164.79.193
875,Arlen,Domnin,adomninoa@microsoft.com,Male,235.196.79.64
876,Adan,Hodgon,ahodgonob@godaddy.com,Female,150.76.232.192
877,Forrester,Ventris,fventrisoc@newyorker.com,Male,232.205.38.217
878,Novelia,Davidi,ndavidiod@techcrunch.com,Female,115.204.153.228
879,Kimberlee,Coucha,kcouchaoe@cdbaby.com,Female,20.133.36.40
880,Asia,Braybrooke,abraybrookeof@nba.com,Female,173.133.136.5
881,Julia,Slate,jslateog@devhub.com,Female,44.119.190.131
882,Bonny,Bompass,bbompassoh@paypal.com,Female,49.120.71.81
883,Ignace,Hubbucks,ihubbucksoi@intel.com,Male,113.223.246.204
884,William,Volkers,wvolkersoj@mysql.com,Male,22.78.106.81
885,Maybelle,Paunsford,mpaunsfordok@amazon.de,Female,232.158.178.163
886,Jacob,Amiable,jamiableol@amazon.co.uk,Male,186.204.63.238
887,Gavin,Dunthorn,gdunthornom@constantcontact.com,Male,246.8.213.177
888,Abagael,Just,ajuston@goo.ne.jp,Female,153.28.221.205
889,Witty,Baumann,wbaumannoo@geocities.jp,Male,173.152.177.111
890,Zebadiah,Blandamere,zblandamereop@seesaa.net,Male,103.233.238.11
891,Cristy,Dignan,cdignanoq@last.fm,Female,33.157.71.181
892,Meagan,Edgley,medgleyor@123-reg.co.uk,Female,212.35.237.66
893,Thornie,Pawels,tpawelsos@woothemes.com,Male,81.225.124.49
894,Aldous,Riditch,ariditchot@apache.org,Male,65.166.51.177
895,Irwinn,Jakes,ijakesou@nymag.com,Male,21.16.230.132
896,Kenn,Fullman,kfullmanov@sphinn.com,Male,37.209.159.67
897,Rhys,Gouldbourn,rgouldbournow@fema.gov,Male,0.198.126.197
898,Kelci,Fendley,kfendleyox@va.gov,Female,73.134.73.245
899,Thorpe,Leser,tleseroy@mozilla.org,Male,133.69.118.93
900,Gal,Oliva,golivaoz@google.cn,Male,229.26.111.25
901,Hubie,Trickey,htrickeyp0@canalblog.com,Male,139.3.232.191
902,Ruby,Faers,rfaersp1@google.es,Male,46.144.99.153
903,Art,Kesley,akesleyp2@istockphoto.com,Male,138.162.251.23
904,Etti,Reston,erestonp3@topsy.com,Female,118.224.238.64
905,Jean,Skarin,jskarinp4@abc.net.au,Male,118.145.207.164
906,Evaleen,Heifer,eheiferp5@seattletimes.com,Female,110.180.123.63
907,Klemens,Janssen,kjanssenp6@sakura.ne.jp,Male,92.61.13.35
908,Saw,Roylance,sroylancep7@simplemachines.org,Male,70.59.36.98
909,Kristos,Curnokk,kcurnokkp8@examiner.com,Male,239.238.155.117
910,Rozella,De Roberto,rderobertop9@cyberchimps.com,Female,156.154.144.24
911,Perceval,Clynman,pclynmanpa@sina.com.cn,Male,249.60.75.90
912,Luigi,Bertie,lbertiepb@youku.com,Male,150.65.20.18
913,Lind,Brammer,lbrammerpc@tumblr.com,Female,255.4.140.228
914,Pierette,Coney,pconeypd@go.com,Female,241.204.219.106
915,Anatole,Beastall,abeastallpe@unesco.org,Male,120.47.110.78
916,Shermie,Whiteman,swhitemanpf@alibaba.com,Male,219.223.186.167
917,Augusto,Pauwel,apauwelpg@nba.com,Male,162.243.12.16
918,Philomena,Zanardii,pzanardiiph@taobao.com,Female,140.61.161.218
919,Roana,McBrearty,rmcbreartypi@sun.com,Female,238.183.60.114
920,Fredrika,Francey,ffranceypj@networksolutions.com,Female,221.254.176.221
921,Langston,Dudderidge,ldudderidgepk@google.it,Male,179.115.112.20
922,Debor,MacTeague,dmacteaguepl@prnewswire.com,Female,44.125.109.136
923,Inigo,Glasard,iglasardpm@dailymail.co.uk,Male,187.143.184.66
924,Taddeusz,Knaggs,tknaggspn@bbb.org,Male,225.207.111.204
925,Fredi,Calderon,fcalderonpo@51.la,Female,255.67.51.84
926,Danya,Wavish,dwavishpp@jugem.jp,Male,185.39.212.175
927,Luis,Snelle,lsnellepq@weather.com,Male,76.167.122.230
928,Thaine,Astell,tastellpr@google.co.jp,Male,1.154.22.180
929,Simone,Drever,sdreverps@adobe.com,Female,235.177.60.82
930,Lillian,McCrackan,lmccrackanpt@cloudflare.com,Female,236.26.52.243
931,Rhody,Renney,rrenneypu@utexas.edu,Female,76.227.32.224
932,Kristopher,Ielden,kieldenpv@netscape.com,Male,220.147.170.46
933,Riane,Kingstne,rkingstnepw@ocn.ne.jp,Female,19.83.102.199
934,Adriane,Burr,aburrpx@sohu.com,Female,157.219.69.167
935,Madella,Bartels,mbartelspy@sfgate.com,Female,90.111.219.85
936,Ddene,Storm,dstormpz@yahoo.co.jp,Female,136.203.152.8
937,Mil,Lobley,mlobleyq0@bandcamp.com,Female,20.32.153.103
938,Elsa,Rimour,erimourq1@ibm.com,Female,33.1.114.226
939,Ber,Pym,bpymq2@google.co.jp,Male,145.27.223.238
940,Elvira,Bythell,ebythellq3@people.com.cn,Female,20.230.62.159
941,Dannye,Tyres,dtyresq4@globo.com,Female,231.49.185.122
942,Hayyim,Valencia,hvalenciaq5@deliciousdays.com,Male,79.106.51.57
943,Jaquelyn,Allibone,jalliboneq6@cafepress.com,Female,157.187.196.137
944,Nanette,Fredy,nfredyq7@amazon.co.uk,Female,145.175.32.26
945,Jillane,Spowage,jspowageq8@prnewswire.com,Female,157.171.63.187
946,Stevena,Weiner,sweinerq9@com.com,Female,63.160.184.55
947,Eliot,Bleby,eblebyqa@ucoz.com,Male,146.28.185.134
948,Herb,Marsh,hmarshqb@4shared.com,Male,194.17.41.130
949,Joann,Humbles,jhumblesqc@businessweek.com,Female,242.45.220.153
950,Annelise,Gillice,agilliceqd@yolasite.com,Female,74.105.206.119
951,Ashby,Kaas,akaasqe@163.com,Male,109.141.6.24
952,Teddi,Lyptrade,tlyptradeqf@google.it,Female,130.166.142.245
953,Vic,Falks,vfalksqg@google.com.hk,Male,105.214.106.106
954,Darline,Evamy,devamyqh@cnbc.com,Female,22.155.21.126
955,Thornie,Klimpt,tklimptqi@cbsnews.com,Male,168.201.125.243
956,Ingmar,McQuin,imcquinqj@networkadvertising.org,Male,202.167.43.177
957,Brade,Chart,bchartqk@spotify.com,Male,252.203.49.90
958,Burgess,Fassan,bfassanql@ovh.net,Male,36.75.179.231
959,Debbi,Hoogendorp,dhoogendorpqm@virginia.edu,Female,9.100.252.32
960,Bertina,Fairfoot,bfairfootqn@stanford.edu,Female,34.244.176.163
961,Simon,Gerckens,sgerckensqo@arstechnica.com,Male,223.126.14.187
962,Blithe,Wilber,bwilberqp@wsj.com,Female,220.212.40.27
963,Peter,Wigglesworth,pwigglesworthqq@hatena.ne.jp,Male,21.202.149.230
964,Jehu,Pond-Jones,jpondjonesqr@yandex.ru,Male,208.174.210.195
965,Terencio,Lowey,tloweyqs@tumblr.com,Male,238.193.72.91
966,Joelie,Catherine,jcatherineqt@cisco.com,Female,43.108.186.114
967,Kathrine,Ahren,kahrenqu@yahoo.co.jp,Female,30.69.34.23
968,Sosanna,Pasek,spasekqv@cyberchimps.com,Female,105.234.180.219
969,Fleurette,Wegener,fwegenerqw@narod.ru,Female,132.81.224.164
970,Shepherd,Geggie,sgeggieqx@linkedin.com,Male,180.238.179.12
971,Alika,McNalley,amcnalleyqy@blinklist.com,Female,189.253.14.218
972,Reba,Elcoux,relcouxqz@t-online.de,Female,15.92.115.123
973,Leonelle,Koeppke,lkoeppker0@boston.com,Female,65.142.58.56
974,Estele,Borrill,eborrillr1@taobao.com,Female,61.33.153.47
975,Lottie,Hriinchenko,lhriinchenkor2@accuweather.com,Female,12.101.100.63
976,Geri,Bedbury,gbedburyr3@amazon.com,Male,73.58.135.129
977,Willard,Shore,wshorer4@geocities.com,Male,198.62.1.95
978,Zacharias,Ackenhead,zackenheadr5@nih.gov,Male,116.36.147.193
979,Fleming,Breukelman,fbreukelmanr6@free.fr,Male,46.89.27.114
980,Clarabelle,Pittham,cpitthamr7@hud.gov,Female,171.235.154.224
981,Marlin,Thom,mthomr8@surveymonkey.com,Male,155.204.160.163
982,Hunter,Chaloner,hchalonerr9@reuters.com,Male,61.53.232.150
983,Zarla,Furley,zfurleyra@wired.com,Female,181.193.158.55
984,Egbert,Vidloc,evidlocrb@google.com,Male,202.29.213.142
985,Karlan,Galilee,kgalileerc@redcross.org,Male,216.79.172.91
986,Hedda,Petersen,hpetersenrd@auda.org.au,Female,57.62.115.40
987,Joshuah,Huggens,jhuggensre@ca.gov,Male,154.198.233.169
988,Delcina,Jaycock,djaycockrf@dailymotion.com,Female,27.205.31.106
989,Ginnie,Milvarnie,gmilvarnierg@miitbeian.gov.cn,Female,222.169.158.242
990,Euell,Sandwick,esandwickrh@bizjournals.com,Male,224.213.53.213
991,Lynna,Carmen,lcarmenri@prlog.org,Female,94.124.214.187
992,Obie,Kennard,okennardrj@ed.gov,Male,189.83.122.75
993,Tobie,Baxstar,tbaxstarrk@squarespace.com,Male,218.118.79.73
994,Ezequiel,Roads,eroadsrl@yellowpages.com,Male,38.32.137.55
995,Adorne,Yitzhakov,ayitzhakovrm@europa.eu,Female,61.49.210.252
996,Ximenez,Basnall,xbasnallrn@taobao.com,Male,122.40.3.64
997,Brynn,Marion,bmarionro@google.cn,Female,54.150.7.87
998,Inesita,Fellibrand,ifellibrandrp@macromedia.com,Female,164.92.242.68
999,Dalston,Pasquale,dpasqualerq@google.es,Male,243.208.148.8
1000,Erina,Jouen,ejouenrr@deviantart.com,Female,153.210.2.169
